Tabel 1
Ploeg;Renner;Waarde;PCSNamen;
Alpecin - Deceuninck;VAN DER POEL M.;12;VAN DER POEL Mathieu;
Alpecin - Deceuninck;PHILIPSEN J.;10;PHILIPSEN Jasper;
Alpecin - Deceuninck;GROVES K.;6;GROVES Kaden;
Alpecin - Deceuninck;HERMANS Q.;5;HERMANS Quinten;
Alpecin - Deceuninck;VERMEERSCH G.;4;VERMEERSCH Gianni;
Alpecin - Deceuninck;BOVEN L.;3;BOVEN Lars;
Alpecin - Deceuninck;DEHAIRS S.;3;DEHAIRS Simon;
Alpecin - Deceuninck;DEL GROSSO T.;3;DEL GROSSO Tibor;
Alpecin - Deceuninck;DILLIER S.;3;DILLIER Silvan;
Alpecin - Deceuninck;KIELICH T.;3;KIELICH Timo;
Alpecin - Deceuninck;MEURISSE X.;3;MEURISSE Xandro;
Alpecin - Deceuninck;PLANCKAERT E.;3;PLANCKAERT Edward;
Alpecin - Deceuninck;PLOWRIGHT J.;3;PLOWRIGHT Jensen;
Alpecin - Deceuninck;RICKAERT J.;3;RICKAERT Jonas;
Alpecin - Deceuninck;RIESEBEEK O.;3;RIESEBEEK Oscar;
Alpecin - Deceuninck;UHLIG H.;3;UHLIG Henri;
Alpecin - Deceuninck;VAN TRICHT S.;3;VAN TRICHT Stan;
Alpecin - Deceuninck;VERSTRYNGE E.;3;VERSTRYNGE Emiel;
Alpecin - Deceuninck;BAYER T.;2;BAYER Tobias;
Alpecin - Deceuninck;DEBRUYNE R.;2;DEBRUYNE Ramses;
Alpecin - Deceuninck;GAZE S.;2;GAZE Samuel;
Alpecin - Deceuninck;GHYS R.;2;GHYS Robbe;
Alpecin - Deceuninck;GLIVAR G.;2;GLIVAR Gal;
Alpecin - Deceuninck;GOGL M.;2;GOGL Michael;
Alpecin - Deceuninck;HOLLMANN J.;2;HOLLMANN Juri;
Alpecin - Deceuninck;JANSSENS J.;2;JANSSENS Jimmy;
Alpecin - Deceuninck;PRICE-PEJTERSEN J.;2;PRICE-PEJTERSEN Johan;
Alpecin - Deceuninck;VAN DEN BOSSCHE F.;2;VAN DEN BOSSCHE Fabio;
Alpecin - Deceuninck;VERGALLITO L.;2;VERGALLITO Luca;
Arkéa - B&B Hotels;MOZZATO L.;6;MOZZATO Luca;
Arkéa - B&B Hotels;DEMARE A.;5;DÉMARE Arnaud;
Arkéa - B&B Hotels;VAUQUELIN K.;5;VAUQUELIN Kévin;
Arkéa - B&B Hotels;SENECHAL F.;4;SÉNÉCHAL Florian;
Arkéa - B&B Hotels;BIERMANS J.;3;BIERMANS Jenthe;
Arkéa - B&B Hotels;CAPIOT A.;3;CAPIOT Amaury;
Arkéa - B&B Hotels;COSTIOU E.;3;COSTIOU Ewen;
Arkéa - B&B Hotels;LE BERRE M.;3;LE BERRE Mathis;
Arkéa - B&B Hotels;VENTURINI C.;3;VENTURINI Clément;
Arkéa - B&B Hotels;DELAPLACE A.;2;DELAPLACE Anthony;
Arkéa - B&B Hotels;EPIS G.;2;EPIS Giosuè;
Arkéa - B&B Hotels;GARCIA PIERNA R.;2;GARCÍA PIERNA Raúl;
Arkéa - B&B Hotels;GESBERT E.;2;GESBERT Élie;
Arkéa - B&B Hotels;GRONDIN D.;2;GRONDIN Donavan;
Arkéa - B&B Hotels;GUERNALEC T.;2;GUERNALEC Thibault;
Arkéa - B&B Hotels;GUERNALEC V.;2;GUERNALEC Thibault;
Arkéa - B&B Hotels;GUGLIELMI S.;2;GUGLIELMI Simon;
Arkéa - B&B Hotels;HUYS L.;2;HUYS Laurens;
Arkéa - B&B Hotels;LOZOUET L.;2;LOZOUET Léandre;
Arkéa - B&B Hotels;RIES M.;2;RIESEBEEK Oscar;
Arkéa - B&B Hotels;RODRIGUEZ C.;2;RODRÍGUEZ Cristián;
Arkéa - B&B Hotels;ROULAND L.;2;ROULAND Louis;
Arkéa - B&B Hotels;SCOTSON M.;2;SCOTSON Miles;
Arkéa - B&B Hotels;SVESTAD-BARDSENG E.;2;SVESTAD-BÅRDSENG Embret;
Arkéa - B&B Hotels;THIERRY P.;2;THIERRY Pierre;
Arkéa - B&B Hotels;TJOTTA M.;2;TJØTTA Martin;
Arkéa - B&B Hotels;VERRE A.;2;VERRE Alessandro;
Bahrain - Victorious;MOHORIC M.;7;MOHORIČ Matej;
Bahrain - Victorious;BAUHAUS P.;5;BAUHAUS Phil;
Bahrain - Victorious;BILBAO P.;5;BILBAO Pello;
Bahrain - Victorious;BUITRAGO S.;5;BUITRAGO Santiago;
Bahrain - Victorious;TIBERI A.;5;TIBERI Antonio;
Bahrain - Victorious;HAIG J.;4;HAIG Jack;
Bahrain - Victorious;MARTINEZ L.;4;MARTINEZ Lenny;
Bahrain - Victorious;WRIGHT F.;4;PLOWRIGHT Jensen;
Bahrain - Victorious;ARNDT N.;3;ARNDT Nikias;
Bahrain - Victorious;CARUSO D.;3;CARUSO Damiano;
Bahrain - Victorious;GOVEKAR M.;3;GOVEKAR Matevž;
Bahrain - Victorious;PASQUALON A.;3;PASQUALON Andrea;
Bahrain - Victorious;STANNARD R.;3;STANNARD Robert;
Bahrain - Victorious;TRAEEN T.;3;TRÆEN Torstein;
Bahrain - Victorious;VAN MECHELEN V.;3;VAN MECHELEN Vlad;
Bahrain - Victorious;BRUTTOMESSO A.;2;BRUTTOMESSO Alberto;
Bahrain - Victorious;BURATTI N.;2;BURATTI Nicolò;
Bahrain - Victorious;ERMAKOV R.;2;ERMAKOV Roman;
Bahrain - Victorious;ERZEN Z.;2;PRICE-PEJTERSEN Johan;
Bahrain - Victorious;EULALIO A.;2;EULÁLIO Afonso;
Bahrain - Victorious;GRADEK K.;2;GRADEK Kamil;
Bahrain - Victorious;KEPPLINGER R.;2;KEPPLINGER Rainer;
Bahrain - Victorious;MIHOLJEVIC F.;2;MIHOLJEVIĆ Fran;
Bahrain - Victorious;PAASSCHENS M.;2;PAASSCHENS Mathijs;
Bahrain - Victorious;PICKERING F.;2;PICKERING Finlay;
Bahrain - Victorious;SKERL D.;2;SKERL Daniel;
Bahrain - Victorious;STOCKWELL O.;2;STOCKWELL Oliver;
Bahrain - Victorious;TU S.;2;VENTURINI Clément;
Bahrain - Victorious;VAN DER MEULEN M.;2;VAN DER MEULEN Max;
Bahrain - Victorious;ZAMBANINI E.;2;ZAMBANINI Edoardo;
Burgos - Burpellet - BH;ALLENO C.;2;ALLENO Clément;
Burgos - Burpellet - BH;ALVAREZ R.;2;ÁLVAREZ Rodrigo;
Burgos - Burpellet - BH;ANGULO A.;2;ANGULO Antonio;
Burgos - Burpellet - BH;APARICIO M.;2;APARICIO Mario;
Burgos - Burpellet - BH;BOUGLAS G.;2;BOUGLAS Georgios;
Burgos - Burpellet - BH;BURNETT J.;2;BURNETT Josh;
Burgos - Burpellet - BH;CAVIA D.;2;CAVIA Daniel;
Burgos - Burpellet - BH;CHUMIL S.;2;CHUMIL Sergio Geovani;
Burgos - Burpellet - BH;DE LA CALLE H.;2;DE LA CALLE Hugo;
Burgos - Burpellet - BH;DELGADO D.;2;DELGADO David;
Burgos - Burpellet - BH;DIAZ J.;2;DIAZ Alex;
Burgos - Burpellet - BH;FAGUNDEZ E.;2;FAGÚNDEZ Eric Antonio;
Burgos - Burpellet - BH;FAURA J.;2;FAURA José Luis;
Burgos - Burpellet - BH;FERNANDEZ S.;2;FERNÁNDEZ Sinuhé;
Burgos - Burpellet - BH;FUENTES A.;2;FUENTES Ángel;
Burgos - Burpellet - BH;GARCIA PIERNA C.;2;GARCÍA PIERNA Raúl;
Burgos - Burpellet - BH;JACKSON G.;2;JACKSON George;
Burgos - Burpellet - BH;KMINEK V.;2;KMÍNEK Vojtěch;
Burgos - Burpellet - BH;KOYAMA T.;2;KOYAMA Tomoya;
Burgos - Burpellet - BH;KUDUS M.;2;KUDUS Merhawi;
Burgos - Burpellet - BH;MARTIN D.;2;TJØTTA Martin;
Burgos - Burpellet - BH;OKAMIKA A.;2;OKAMIKA Ander;
Burgos - Burpellet - BH;SAINBAYAR J.;2;SAINBAYAR Jambaljamts;
Caja Rural - Seguros RGA;BARCELO F.;3;BARCELÓ Fernando;
Caja Rural - Seguros RGA;LEITAO I.;3;LEITÃO Iúri;
Caja Rural - Seguros RGA;ARRIOLA-BENGOA J.;2;ARRIOLA-BENGOA Julen;
Caja Rural - Seguros RGA;BABOR D.;2;BABOR Daniel;
Caja Rural - Seguros RGA;BALDERSTONE A.;2;BALDERSTONE Abel;
Caja Rural - Seguros RGA;BERWICK S.;2;BERWICK Sebastian;
Caja Rural - Seguros RGA;BOU J.;2;BOUGLAS Georgios;
Caja Rural - Seguros RGA;CASTELLON J.;2;CASTELLON Jan;
Caja Rural - Seguros RGA;DARDER S.;2;DARDER Sergi;
Caja Rural - Seguros RGA;DIAZ A.;2;DIAZ Alex;
Caja Rural - Seguros RGA;FERNANDEZ S.;2;FERNÁNDEZ Sinuhé;
Caja Rural - Seguros RGA;GONZALEZ A.;2;GONZÁLEZ Abner;
Caja Rural - Seguros RGA;GUARDENO J.;2;GUARDEÑO Jaume;
Caja Rural - Seguros RGA;IBANEZ J.;2;IBAÑEZ Javier;
Caja Rural - Seguros RGA;JOHNSTON C.;2;JOHNSTON Calum;
Caja Rural - Seguros RGA;LOPEZ J.;2;LÓPEZ Joseba;
Caja Rural - Seguros RGA;MOLENAAR A.;2;MOLENAAR Alex;
Caja Rural - Seguros RGA;NICOLAU J.;2;NICOLAU Joel;
Caja Rural - Seguros RGA;OTRUBA J.;2;OTRUBA Jakub;
Caja Rural - Seguros RGA;PENUELA F.;2;PEÑUELA Francisco Joel;
Caja Rural - Seguros RGA;PRADES E.;2;PRADES Eduard;
Caja Rural - Seguros RGA;SILVA G.;2;DILLIER Silvan;
Caja Rural - Seguros RGA;SORARRAIN G.;2;SORARRAIN Gorka;
Caja Rural - Seguros RGA;STITES T.;2;STITES Tyler;
Cofidis;TEUNS D.;6;VAN SINTMAARTENSDIJK Roel;
Cofidis;COQUARD B.;5;QUARTUCCI Lorenzo;
Cofidis;ARANBURU A.;4;ARMIRAIL Bruno;
Cofidis;ALLEGAERT P.;3;SEGAERT Alec;
Cofidis;ANIOLKOWSKI S.;3;KWIATKOWSKI Michał;
Cofidis;BUCHMANN E.;3;SCHACHMANN Maximilian;
Cofidis;CARR S.;3;CARRASCOSA Pablo;
Cofidis;FERRON V.;3;CEPEDA Jefferson Alexander;
Cofidis;FRETIN M.;3;FORTIN Filippo;
Cofidis;HERRADA J.;3;BERRADE Urko;
Cofidis;IZAGIRRE I.;3;AGIRRE Jon;
Cofidis;RENARD A.;3;RENARD-HAQUIN Henri-François;
Cofidis;ROBEET L.;3;STANNARD Robert;
Cofidis;DE GENDT A.;2;DE LA CALLE Hugo;
Cofidis;DEBEAUMARCHE N.;2;BURGAUDEAU Mathieu;
Cofidis;FINE E.;2;HERMANS Quinten;
Cofidis;IZQUIERDO C.;2;AFFINI Edoardo;
Cofidis;KNIGHT O.;2;PLOWRIGHT Jensen;
Cofidis;LASTRA J.;2;MACKELLAR Alastair;
Cofidis;MAAS J.;2;SILVA Guillermo Thomas;
Cofidis;MAHOUDO N.;2;SAMUDIO Carlos;
Cofidis;MAISONOBE S.;2;DONALDSON Robert;
Cofidis;MONIQUET S.;2;PETILLI Simone;
Cofidis;OLDANI S.;2;SKERL Daniel;
Cofidis;OURSELIN P.;2;TRÆEN Torstein;
Cofidis;PEREZ A.;2;PEDRERO Antonio;
Cofidis;SAMITIER S.;2;DE TIER Floris;
Cofidis;THOMAS B.;2;SILVA Guillermo Thomas;
Cofidis;TOUMIRE H.;2;PUCCIO Salvatore;
Cofidis;TOUZE D.;2;LE HUITOUZE Eddy;
Decathlon - AG2R;COSNEFROY B.;7;COSNEFROY Benoît;
Decathlon - AG2R;BENNETT S.;5;BENNETT Sam;
Decathlon - AG2R;NAESEN O.;5;NAESEN Oliver;
Decathlon - AG2R;GALL F.;4;GALL Felix;
Decathlon - AG2R;GAUTHERAT P.;4;GAUTHERAT Pierre;
Decathlon - AG2R;GODON D.;4;GODON Dorian;
Decathlon - AG2R;LAFAY V.;4;LAFAY Victor;
Decathlon - AG2R;LAPEIRA P.;4;LAPEIRA Paul;
Decathlon - AG2R;PARET-PEINTRE A.;4;PARET-PEINTRE Aurélien;
Decathlon - AG2R;ARMIRAIL B.;3;ARMIRAIL Bruno;
Decathlon - AG2R;BISSEGGER S.;3;BISSEGGER Stefan;
Decathlon - AG2R;DE BONDT D.;3;DE BONDT Dries;
Decathlon - AG2R;DE PESTEL S.;3;DE PESTEL Sander;
Decathlon - AG2R;DEWULF S.;3;DEWULF Stan;
Decathlon - AG2R;GUDMESTAD T.;3;GUDMESTAD Tord;
Decathlon - AG2R;TRONCHON B.;3;TRONCHON Bastien;
Decathlon - AG2R;VENDRAME A.;3;VENDRAME Andrea;
Decathlon - AG2R;BERTHET C.;2;BERTHET Clément;
Decathlon - AG2R;BISIAUX L.;2;BISIAUX Léo;
Decathlon - AG2R;BOUCHARD G.;2;BOUCHARD Geoffrey;
Decathlon - AG2R;CHAMBERLAIN O.;2;CHAMBERLAIN Oscar;
Decathlon - AG2R;ISIDORE N.;2;ISIDORE Noa;
Decathlon - AG2R;LABROSSE J.;2;LABROSSE Jordan;
Decathlon - AG2R;PEDERSEN R.;2;PEDERSEN Rasmus Søjberg;
Decathlon - AG2R;PETERS N.;2;PETERS Nans;
Decathlon - AG2R;POLLEFLIET G.;2;POLLEFLIET Gianluca;
Decathlon - AG2R;PRODHOMME N.;2;PRODHOMME Nicolas;
Decathlon - AG2R;SCOTSON C.;2;SCOTSON Miles;
Decathlon - AG2R;SEIXAS P.;2;SEIXAS Paul;
Decathlon - AG2R;STAUNE-MITTET J.;2;STAUNE-MITTET Johannes;
EF Education - EasyPost;HEALY B.;6;HEALY Ben;
EF Education - EasyPost;POWLESS N.;6;POWLESS Neilson;
EF Education - EasyPost;ASGREEN K.;5;ASGREEN Kasper;
EF Education - EasyPost;CARAPAZ R.;5;CARAPAZ Richard;
EF Education - EasyPost;VAN DEN BERG M.;5;VAN DEN BERG Lars;
EF Education - EasyPost;ALBANESE V.;4;ALBANESE Vincenzo;
EF Education - EasyPost;MIHKELS M.;4;MIHKELS Madis;
EF Education - EasyPost;VALGREN M.;4;VALGREN Michael;
EF Education - EasyPost;BATTISTELLA S.;3;BATTISTELLA Samuele;
EF Education - EasyPost;CARTHY H.;3;CARTHY Hugh;
EF Education - EasyPost;CHAVES E.;3;CHAVES Esteban;
EF Education - EasyPost;COSTA R.;3;COSTA Rui;
EF Education - EasyPost;DOULL O.;3;DOULL Owain;
EF Education - EasyPost;HONORE M.;3;HONORÉ Mikkel Frølich;
EF Education - EasyPost;BAUDIN A.;2;BAUDIN Alex;
EF Education - EasyPost;BELOKI M.;2;BELOKI Markel;
EF Education - EasyPost;CEPEDA J.;2;CEPEDA Jefferson Alexander;
EF Education - EasyPost;MACKELLAR A.;2;MACKELLAR Alastair;
EF Education - EasyPost;NERURKAR L.;2;NERURKAR Lukas;
EF Education - EasyPost;QUINN S.;2;QUINN Sean;
EF Education - EasyPost;RAFFERTY D.;2;RAFFERTY Darren;
EF Education - EasyPost;ROOTKIN-GRAY J.;2;ROOTKIN-GRAY Jack;
EF Education - EasyPost;RYAN A.;2;RYAN Archie;
EF Education - EasyPost;SHAW J.;2;SHAW James;
EF Education - EasyPost;STEINHAUSER G.;2;STEINHAUSER Georg;
EF Education - EasyPost;SWEENY H.;2;SWEENY Harry;
EF Education - EasyPost;TODOME Y.;2;TODOME Yuhi;
EF Education - EasyPost;VAN DER LEE J.;2;VAN DER LEE Jardi Christiaan;
EF Education - EasyPost;WALKER M.;2;WALKER Max;
Euskaltel - Euskadi;ABERASTURI J.;3;ABERASTURI Jon;
Euskaltel - Euskadi;DEKKER D.;3;DEKKER David;
Euskaltel - Euskadi;AGIRRE J.;2;AGIRRE Jon;
Euskaltel - Euskadi;ALUSTIZA N.;2;ALUSTIZA Nicolás;
Euskaltel - Euskadi;BERASATEGI X.;2;BERASATEGI Xabier;
Euskaltel - Euskadi;BIZKARRA M.;2;BIZKARRA Mikel;
Euskaltel - Euskadi;BONILLO I.;2;BONILLO Iker;
Euskaltel - Euskadi;DE LA PARTE V.;2;DE LA PARTE Víctor;
Euskaltel - Euskadi;DINA M.;2;DINA Márton;
Euskaltel - Euskadi;GANZABAL A.;2;GANZABAL Ander;
Euskaltel - Euskadi;HENNEQUIN P.;2;HENNEQUIN Paul;
Euskaltel - Euskadi;ISASA X.;2;ISASA Xabier;
Euskaltel - Euskadi;JUARISTI T.;2;JUARISTI Txomin;
Euskaltel - Euskadi;LOPEZ DE ABETXUKO A.;2;LÓPEZ DE ABETXUKO Andoni;
Euskaltel - Euskadi;LOPEZ J.;2;LÓPEZ Joseba;
Euskaltel - Euskadi;MARTIN G.;2;TJØTTA Martin;
Euskaltel - Euskadi;MINTEGI I.;2;MINTEGI Iker;
Euskaltel - Euskadi;MURGUIALDAY J.;2;MURGUIALDAY Jokin;
Euskaltel - Euskadi;SUTTON L.;2;SUTTON Louis;
Euskaltel - Euskadi;VAN DER TUUK D.;2;VAN DER TUUK Danny;
Euskaltel - Euskadi;ZUBELDIA U.;2;ZUBELDIA Unai;
Flanders - Baloise;CLYNHENS T.;2;CLYNHENS Toon;
Flanders - Baloise;COLMAN A.;2;COLMAN Alex;
Flanders - Baloise;CRABBE T.;2;CRABBE Tom;
Flanders - Baloise;DE VYLDER L.;2;DE VYLDER Lindsay;
Flanders - Baloise;DEJAEGHER J.;2;DEJAEGHER Jasper;
Flanders - Baloise;DEMAN B.;2;DEMAN Brem;
Flanders - Baloise;DENS T.;2;VANDENSTORME Dylan;
Flanders - Baloise;DEWEIRDT S.;2;DEWEIRDT Siebe;
Flanders - Baloise;GEENS J.;2;GEENS Jonas;
Flanders - Baloise;GERITS V.;2;GERITS Vince;
Flanders - Baloise;HESTERS J.;2;HESTERS Jules;
Flanders - Baloise;LANHOVE M.;2;LANHOVE Milan;
Flanders - Baloise;MARIS E.;2;MARIS Elias;
Flanders - Baloise;VAN HEMELEN V.;2;VAN HEMELEN Vincent;
Flanders - Baloise;VAN POUCKE A.;2;VAN POUCKE Aaron;
Flanders - Baloise;VANDENBRANDEN N.;2;VANDENBRANDEN Noah;
Flanders - Baloise;VANDENSTORME D.;2;VANDENSTORME Dylan;
Flanders - Baloise;VANDEVELDE Y.;2;VANDEVELDE Yentl;
Flanders - Baloise;VANHOOF W.;2;VANHOOF Ward;
Flanders - Baloise;VERCOUILLIE V.;2;VERCOUILLIE Victor;
Groupama - FDJ;KUNG S.;7;KÜNG Stefan;
Groupama - FDJ;GAUDU D.;6;GAUDU David;
Groupama - FDJ;MADOUAS V.;6;MADOUAS Valentin;
Groupama - FDJ;GREGOIRE R.;5;GRÉGOIRE Romain;
Groupama - FDJ;MARTIN G.;4;TJØTTA Martin;
Groupama - FDJ;PENHOET P.;4;PENHOËT Paul;
Groupama - FDJ;ASKEY L.;3;ASKEY Lewis;
Groupama - FDJ;BYSTROM S.;3;BYSTRØM Sven Erik;
Groupama - FDJ;CAVAGNA R.;3;CAVAGNA Rémi;
Groupama - FDJ;GENIETS K.;3;GENIETS Kevin;
Groupama - FDJ;JACOBS J.;3;JACOBS Johan;
Groupama - FDJ;LE GAC O.;3;LE GAC Olivier;
Groupama - FDJ;MOLARD R.;3;MOLARD Rudy;
Groupama - FDJ;PACHER Q.;3;PACHER Quentin;
Groupama - FDJ;BARTHE C.;2;BARTHE Cyril;
Groupama - FDJ;BRAZ AFONSO C.;2;BRAZ AFONSO Clément;
Groupama - FDJ;DAVY C.;2;DAVY Clément;
Groupama - FDJ;DONNENWIRTH T.;2;DONNENWIRTH Tom;
Groupama - FDJ;GERMANI L.;2;GERMANI Lorenzo;
Groupama - FDJ;GRUEL T.;2;GRUEL Thibaud;
Groupama - FDJ;LE HUITOUZE E.;2;LE HUITOUZE Eddy;
Groupama - FDJ;PALENI E.;2;PALENI Enzo;
Groupama - FDJ;ROCHAS R.;2;ROCHAS Rémy;
Groupama - FDJ;ROLLAND B.;2;ROLLAND Brieuc;
Groupama - FDJ;RUSSO C.;2;RUSSO Clément;
Groupama - FDJ;VAN DEN BERG L.;2;VAN DEN BERG Lars;
Groupama - FDJ;WALLS M.;2;WALLS Matthew;
Ineos Grenadiers;GANNA F.;6;GANNA Filippo;
Ineos Grenadiers;EWAN C.;5;EWAN Caleb;
Ineos Grenadiers;RODRIGUEZ C.;5;RODRÍGUEZ Cristián;
Ineos Grenadiers;SHEFFIELD M.;5;SHEFFIELD Magnus;
Ineos Grenadiers;TARLING J.;5;TARLING Joshua;
Ineos Grenadiers;ARENSMAN T.;4;ARENSMAN Thymen;
Ineos Grenadiers;BERNAL E.;4;BERNAL Egan;
Ineos Grenadiers;FOSS T.;4;FOSS Tobias;
Ineos Grenadiers;KWIATKOWSKI M.;4;KWIATKOWSKI Michał;
Ineos Grenadiers;LAURANCE A.;4;LAURANCE Axel;
Ineos Grenadiers;THOMAS G.;4;SILVA Guillermo Thomas;
Ineos Grenadiers;TURNER B.;4;TURNER Ben;
Ineos Grenadiers;DE PLUS L.;3;DE PLUS Laurens;
Ineos Grenadiers;HEIDUK K.;3;HEIDUK Kim;
Ineos Grenadiers;JUNGELS B.;3;JUNGELS Bob;
Ineos Grenadiers;WATSON S.;3;WATSON Samuel;
Ineos Grenadiers;AUGUST A.;2;AUGUST Andrew;
Ineos Grenadiers;CASTROVIEJO J.;2;CASTROVIEJO Jonathan;
Ineos Grenadiers;FRAILE O.;2;FRAILE Omar;
Ineos Grenadiers;HAMILTON L.;2;HAMILTON Lucas;
Ineos Grenadiers;LANGELLOTTI V.;2;LANGELLOTTI Victor;
Ineos Grenadiers;LEONARD M.;2;LEONARD Michael;
Ineos Grenadiers;PUCCIO S.;2;PUCCIO Salvatore;
Ineos Grenadiers;RIVERA B.;2;RIVERA Brandon Smith;
Ineos Grenadiers;RODRIGUEZ O.;2;RODRÍGUEZ Cristián;
Ineos Grenadiers;SHMIDT A.;2;SHMIDT Artem;
Ineos Grenadiers;SWIFT B.;2;SWIFT Ben;
Ineos Grenadiers;SWIFT C.;2;SWIFT Ben;
Intermarché - Wanty;GIRMAY B.;7;GIRMAY Biniam;
Intermarché - Wanty;THIJSSEN G.;5;THIJSSEN Gerben;
Intermarché - Wanty;KAMP A.;4;KAMP Alexander;
Intermarché - Wanty;MARIT A.;4;MARIT Arne;
Intermarché - Wanty;REX L.;4;REX Laurenz;
Intermarché - Wanty;ARTZ H.;3;ARTZ Huub;
Intermarché - Wanty;BONNEU K.;3;BONNEU Kamiel;
Intermarché - Wanty;BRAET V.;3;BRAET Vito;
Intermarché - Wanty;BUSATTO F.;3;BUSATTO Francesco;
Intermarché - Wanty;GOOSSENS K.;3;GOOSSENS Kobe;
Intermarché - Wanty;KUYPERS G.;3;KUYPERS Gerben;
Intermarché - Wanty;MEINTJES L.;3;MEINTJES Louis;
Intermarché - Wanty;PAGE H.;3;PAGE Hugo;
Intermarché - Wanty;PETIT A.;3;PETIT Adrien;
Intermarché - Wanty;ROTA L.;3;ROTA Lorenzo;
Intermarché - Wanty;RUTSCH J.;3;RUTSCH Jonas;
Intermarché - Wanty;VAN DER HOORN T.;3;VAN DER HOORN Taco;
Intermarché - Wanty;ZIMMERMANN G.;3;ZIMMERMANN Georg;
Intermarché - Wanty;BARRE L.;2;BARRENETXEA Jon;
Intermarché - Wanty;COLLEONI K.;2;COLLEONI Kevin;
Intermarché - Wanty;DE POOTER D.;2;DE POOTER Dries;
Intermarché - Wanty;FAURE PROST A.;2;FAURE PROST Alexy;
Intermarché - Wanty;PAQUOT T.;2;PAQUOT Tom;
Intermarché - Wanty;PETILLI S.;2;PETILLI Simone;
Intermarché - Wanty;SMITH D.;2;RIVERA Brandon Smith;
Intermarché - Wanty;VAN BOVEN L.;2;VAN BOVEN Luca;
Intermarché - Wanty;VAN HOECKE G.;2;VAN HOECKE Gijs;
Intermarché - Wanty;VAN SINTMAARTENSDIJK R.;2;VAN SINTMAARTENSDIJK Roel;
Israel - Premier Tech;ACKERMANN P.;5;ACKERMANN Pascal;
Israel - Premier Tech;GEE D.;5;GEENS Jonas;
Israel - Premier Tech;HOFSTETTER H.;5;HOFSTETTER Hugo;
Israel - Premier Tech;LUTSENKO A.;5;LUTSENKO Alexey;
Israel - Premier Tech;WILLIAMS S.;5;WILLIAMS Stephen;
Israel - Premier Tech;BLACKMORE J.;4;BLACKMORE Joseph;
Israel - Premier Tech;STRONG C.;4;STRONG Corbin;
Israel - Premier Tech;WOODS M.;4;WOODS Michael;
Israel - Premier Tech;BOIVIN G.;3;BOIVIN Guillaume;
Israel - Premier Tech;CLARKE S.;3;CLARKE Simon;
Israel - Premier Tech;EINHORN I.;3;EINHORN Itamar;
Israel - Premier Tech;FUGLSANG J.;3;FUGLSANG Jakob;
Israel - Premier Tech;HIRT J.;3;HIRT Jan;
Israel - Premier Tech;KOGUT O.;3;KOGUT Oded;
Israel - Premier Tech;LOUVEL M.;3;LOUVEL Matis;
Israel - Premier Tech;NEILANDS K.;3;NEILANDS Krists;
Israel - Premier Tech;RICCITELLO M.;3;RICCITELLO Matthew;
Israel - Premier Tech;SHEEHAN R.;3;SHEEHAN Riley;
Israel - Premier Tech;STEWART J.;3;STEWART Jake;
Israel - Premier Tech;VAN ASBROECK T.;3;VAN ASBROECK Tom;
Israel - Premier Tech;VERNON E.;3;VERNON Ethan;
Israel - Premier Tech;BENNETT G.;2;BENNETT Sam;
Israel - Premier Tech;COTE P.;2;SCOTSON Miles;
Israel - Premier Tech;FRIGO M.;2;FRIGO Marco;
Israel - Premier Tech;FROOME C.;2;FROOME Chris;
Israel - Premier Tech;HOULE H.;2;HOULE Hugo;
Israel - Premier Tech;PICKRELL R.;2;PICKRELL Riley;
Israel - Premier Tech;RAISBERG N.;2;RAISBERG Nadav;
Israel - Premier Tech;SCHULTZ N.;2;SCHULTZ Nick;
Israel - Premier Tech;SCHWARZMANN M.;2;SCHWARZMANN Michael;
Jayco - AlUla;GROENEWEGEN D.;7;GROENEWEGEN Dylan;
Jayco - AlUla;MATTHEWS M.;6;MATTHEWS Michael;
Jayco - AlUla;O'CONNOR B.;5;O'CONNOR Ben;
Jayco - AlUla;DUNBAR E.;4;DUNBAR Eddie;
Jayco - AlUla;SCHMID M.;4;SCHMID Mauro;
Jayco - AlUla;WALSCHEID M.;4;WALSCHEID Max;
Jayco - AlUla;BOUWMAN K.;3;BOUWMAN Koen;
Jayco - AlUla;DURBRIDGE L.;3;DURBRIDGE Luke;
Jayco - AlUla;ENGELHARDT F.;3;ENGELHARDT Felix;
Jayco - AlUla;HARPER C.;3;HARPER Chris;
Jayco - AlUla;HATHERLY A.;3;HATHERLY Alan;
Jayco - AlUla;KRIJNSEN J.;3;KRIJNSEN Jelte;
Jayco - AlUla;MEZGEC L.;3;MEZGEC Luka;
Jayco - AlUla;O'BRIEN K.;3;O'BRIEN Kelland;
Jayco - AlUla;PLAPP L.;3;PLAPP Luke;
Jayco - AlUla;ZANA F.;3;ZANA Filippo;
Jayco - AlUla;BERHE W.;2;BERHE Welay Hagos;
Jayco - AlUla;DE MARCHI A.;2;DE MARCHI Alessandro;
Jayco - AlUla;DE PRETTO D.;2;DE PRETTO Davide;
Jayco - AlUla;DONALDSON R.;2;DONALDSON Robert;
Jayco - AlUla;DOUBLE P.;2;DOUBLE Paul;
Jayco - AlUla;FOLDAGER A.;2;FOLDAGER Anders;
Jayco - AlUla;GAMPER P.;2;GAMPER Patrick;
Jayco - AlUla;HELLEMOSE A.;2;HELLEMOSE Asbjørn;
Jayco - AlUla;HEPBURN M.;2;HEPBURN Michael;
Jayco - AlUla;JUUL-JENSEN C.;2;JUUL-JENSEN Christopher;
Jayco - AlUla;REINDERS E.;2;REINDERS Elmar;
Jayco - AlUla;STEWART C.;2;STEWART Jake;
Jayco - AlUla;SUTTERLIN J.;2;SÜTTERLIN Jasha;
Kern Pharma;SOSA I.;3;SOSA Iván Ramiro;
Kern Pharma;AZANZA I.;2;AZANZA Ibai;
Kern Pharma;AZNAR H.;2;AZNAR Hugo;
Kern Pharma;AZNAR U.;2;AZNAR Hugo;
Kern Pharma;BERRADE U.;2;BERRADE Urko;
Kern Pharma;BRUSTENGA M.;2;BRUSTENGA Marc;
Kern Pharma;CARRASCOSA P.;2;CARRASCOSA Pablo;
Kern Pharma;COBO I.;2;COBO Iván;
Kern Pharma;ELOSEGUI I.;2;ELOSEGUI Iñigo;
Kern Pharma;ETXEBERRIA H.;2;ETXEBERRIA Haimar;
Kern Pharma;FERNANDEZ M.;2;FERNÁNDEZ Sinuhé;
Kern Pharma;GALVAN F.;2;GALVÁN Francisco;
Kern Pharma;GIMENO N.;2;GIMENO Nil;
Kern Pharma;GUTIERREZ J.;2;GUTIÉRREZ Jorge;
Kern Pharma;IRIBAR U.;2;IRIBAR Unai;
Kern Pharma;MIQUEL P.;2;MIQUEL Pau;
Kern Pharma;PARRA J.;2;PARRA José Félix;
Kern Pharma;RETEGI M.;2;RETEGI Mikel;
Kern Pharma;RUIZ I.;2;RUIZ Ibon;
Kern Pharma;SOTO A.;2;SOTO Antonio Jesús;
Kern Pharma;URIARTE D.;2;URIARTE Diego;
Kern Pharma;WENZEL M.;2;WENZEL Mats;
Lidl - Trek;PEDERSEN M.;8;PEDERSEN Rasmus Søjberg;
Lidl - Trek;MILAN J.;7;LANHOVE Milan;
Lidl - Trek;NYS T.;6;NYS Thibau;
Lidl - Trek;SKJELMOSE M.;6;SKJELMOSE Mattias;
Lidl - Trek;STUYVEN J.;6;STUYVEN Jasper;
Lidl - Trek;CONSONNI S.;5;CONSONNI Simone;
Lidl - Trek;SKUJINS T.;5;SKUJIŅŠ Toms;
Lidl - Trek;BAGIOLI A.;4;BAGIOLI Andrea;
Lidl - Trek;CICCONE G.;4;CICCONE Giulio;
Lidl - Trek;GEOGHEGAN HART T.;4;GEOGHEGAN HART Tao;
Lidl - Trek;KONRAD P.;4;KONRAD Patrick;
Lidl - Trek;KRAGH ANDERSEN S.;4;KRAGH ANDERSEN Søren;
Lidl - Trek;MOLLEMA B.;4;MOLLEMA Bauke;
Lidl - Trek;VACEK M.;4;VACEK Mathias;
Lidl - Trek;DECLERCQ T.;3;DECLERCQ Tim;
Lidl - Trek;HOOLE D.;3;HOOLE Daan;
Lidl - Trek;KAMNA L.;3;KÄMNA Lennard;
Lidl - Trek;KIRSCH A.;3;KIRSCH Alex;
Lidl - Trek;LOPEZ J.;3;LÓPEZ Joseba;
Lidl - Trek;SIMMONS Q.;3;SIMMONS Quinn;
Lidl - Trek;TEUTENBERG T.;3;TEUTENBERG Tim Torn;
Lidl - Trek;THEUNS E.;3;THEUNS Edward;
Lidl - Trek;WITHEN PHILIPSEN A.;3;WITHEN PHILIPSEN Albert;
Lidl - Trek;BERNARD J.;2;BERNARD Julien;
Lidl - Trek;GHEBREIGZABHIER A.;2;GHEBREIGZABHIER Amanuel;
Lidl - Trek;GIBBONS R.;2;GIBBONS Ryan;
Lidl - Trek;MOSCA J.;2;MOSCA Jacopo;
Lidl - Trek;OOMEN S.;2;OOMEN Sam;
Lidl - Trek;VERGAERDE O.;2;VERGAERDE Otto;
Lidl - Trek;VERONA C.;2;VERONA Carlos;
Lotto;DE LIE A.;7;DE LIE Arnaud;
Lotto;VAN EETVELT L.;6;VAN EETVELT Lennert;
Lotto;BERCKMOES J.;4;BERCKMOES Jenno;
Lotto;MENTEN M.;4;MENTEN Milan;
Lotto;SEGAERT A.;4;SEGAERT Alec;
Lotto;TAMINIAUX L.;4;TAMINIAUX Lionel;
Lotto;BEULLENS C.;3;BEULLENS Cedric;
Lotto;DE BUYST J.;3;DE BUYST Jasper;
Lotto;DE SCHUYTENEER S.;3;DE SCHUYTENEER Steffen;
Lotto;GREGAARD J.;3;GREGAARD Jonas;
Lotto;LIVYNS A.;3;LIVYNS Arjen;
Lotto;VAN DE PAAR J.;3;VAN DE PAAR Jarne;
Lotto;VAN MOER B.;3;VAN MOER Brent;
Lotto;CRAPS L.;2;CRAPS Lars;
Lotto;CURRIE L.;2;CURRIE Logan;
Lotto;DRIZNERS J.;2;DRIZNERS Jarrad;
Lotto;GIDDINGS J.;2;GIDDINGS Joshua;
Lotto;GRIGNARD S.;2;GRIGNARD Sébastien;
Lotto;ORINS R.;2;ORINS Robin;
Lotto;SEPULVEDA E.;2;SEPÚLVEDA Eduardo;
Lotto;SLOCK L.;2;SLOCK Liam;
Lotto;THOMPSON R.;2;THOMPSON Reuben;
Lotto;VAN DE WYNKELE L.;2;VAN DE WYNKELE Lorenz;
Lotto;VANDENABEELE H.;2;VANDENABEELE Henri;
Lotto;VEISTROFFER B.;2;VEISTROFFER Baptiste;
Movistar;MAS E.;5;SILVA Guillermo Thomas;
Movistar;CASTRILLO P.;4;CASTRILLO Pablo;
Movistar;FORMOLO D.;4;FORMOLO Davide;
Movistar;GARCIA CORTINA I.;4;GARCÍA CORTINA Iván;
Movistar;GAVIRIA F.;4;GAVIRIA Fernando;
Movistar;AULAR O.;3;AULAR Orluis;
Movistar;CEPEDA J.;3;CEPEDA Jefferson Alexander;
Movistar;GUERREIRO R.;3;GUERREIRO Ruben;
Movistar;NORSGAARD M.;3;NORSGAARD Mathias;
Movistar;QUINTANA N.;3;QUINTANA Nairo;
Movistar;ROMEO I.;3;ROMEO Iván;
Movistar;ROMO J.;3;ROMO Javier;
Movistar;RUBIO E.;3;RUBIO Einer;
Movistar;SANCHEZ P.;3;SÁNCHEZ Pelayo;
Movistar;SERRANO G.;3;SERRANO Gonzalo;
Movistar;TESFATSION N.;3;TESFATSION Natnael;
Movistar;ARCAS J.;2;ARCAS Jorge;
Movistar;BARRENETXEA J.;2;BARRENETXEA Jon;
Movistar;BARTA W.;2;BARTA Will;
Movistar;CANAL C.;2;CANAL Carlos;
Movistar;CIMOLAI D.;2;CIMOLAI Davide;
Movistar;HESSMANN M.;2;HESSMANN Michel;
Movistar;MILESI L.;2;MILESI Lorenzo;
Movistar;MORO M.;2;MORO Manlio;
Movistar;MUHLBERGER G.;2;MÜHLBERGER Gregor;
Movistar;OLIVEIRA N.;2;OLIVEIRA Nelson;
Movistar;PEDRERO A.;2;PEDRERO Antonio;
Movistar;PESCADOR D.;2;PESCADOR Diego;
Movistar;TORRES A.;2;TORRES Albert;
Novo Nordisk;ARMITT H.;2;ARMITT Hamish;
Novo Nordisk;BEADLE H.;2;BEADLE Hamish;
Novo Nordisk;BRAND S.;2;VANDENBRANDEN Noah;
Novo Nordisk;COLLADON J.;2;COLLADON Jacopo;
Novo Nordisk;DAUGE L.;2;DAUGE Lucas;
Novo Nordisk;DE GRAEVE Q.;2;DE GRAEVE Quinten;
Novo Nordisk;IRVINE D.;2;IRVINE Declan;
Novo Nordisk;KOPECKY M.;2;KOPECKÝ Matyáš;
Novo Nordisk;LOZANO D.;2;LOZANO David;
Novo Nordisk;MCDONALD B.;2;MCDONALD Bailey;
Novo Nordisk;MULLER A.;2;MULLER Anton;
Novo Nordisk;PERCRULE D.;2;PERCRULE Doriand;
Novo Nordisk;PERON A.;2;PERON Andrea;
Novo Nordisk;PERRACCHIONE A.;2;PERRACCHIONE Alessandro;
Novo Nordisk;PHIPPEN L.;2;PHIPPEN Logan;
Novo Nordisk;POLGA A.;2;POLGA Antonio;
Novo Nordisk;POLI U.;2;POLI Umberto;
Novo Nordisk;RIDOLFO F.;2;RIDOLFO Filippo;
Novo Nordisk;SMITH N.;2;RIVERA Brandon Smith;
Novo Nordisk;WATTELLE C.;2;WATTELLE Célestin;
Picnic - PostNL;ANDRESEN T.;5;ANDRESEN Tobias Lund;
Picnic - PostNL;JAKOBSEN F.;5;JAKOBSEN Fabio;
Picnic - PostNL;BARDET R.;4;BARDET Romain;
Picnic - PostNL;BARGUIL W.;4;BARGUIL Warren;
Picnic - PostNL;BITTNER P.;4;BITTNER Pavel;
Picnic - PostNL;DEGENKOLB J.;4;DEGENKOLB John;
Picnic - PostNL;ONLEY O.;4;ONLEY Oscar;
Picnic - PostNL;POOLE M.;4;POOLE Max;
Picnic - PostNL;VAN UDEN C.;4;VAN UDEN Casper;
Picnic - PostNL;EEKHOFF N.;3;EEKHOFF Nils;
Picnic - PostNL;FLYNN S.;3;FLYNN Sean;
Picnic - PostNL;LEEMREIZE G.;3;LEEMREIZE Gijs;
Picnic - PostNL;ROOSEN T.;3;ROOSEN Timo;
Picnic - PostNL;VAN DEN BROEK F.;3;VAN DEN BROEK Frank;
Picnic - PostNL;VERMAERKE K.;3;VERMAERKE Kevin;
Picnic - PostNL;WELTEN B.;3;WELTEN Bram;
Picnic - PostNL;COMBAUD R.;2;COMBAUD Romain;
Picnic - PostNL;DHONDT R.;2;DHONDT Robbe;
Picnic - PostNL;DINHAM M.;2;DINHAM Matthew;
Picnic - PostNL;EDDY P.;2;LE HUITOUZE Eddy;
Picnic - PostNL;EDMONDSON A.;2;EDMONDSON Alex;
Picnic - PostNL;HAMILTON C.;2;HAMILTON Lucas;
Picnic - PostNL;KOERDT B.;2;KOERDT Bjoern;
Picnic - PostNL;LEIJNSE E.;2;LEIJNSE Enzo;
Picnic - PostNL;MARKL N.;2;DONOVAN Mark;
Picnic - PostNL;MARTINEZ G.;2;MARTINEZ Lenny;
Picnic - PostNL;NABERMAN T.;2;NABERMAN Tim;
Picnic - PostNL;VAN DEN BERG J.;2;VAN DEN BERG Lars;
Polti - VisitMalta;BAIS D.;2;BAIS Mattia;
Polti - VisitMalta;BAIS M.;2;BAIS Mattia;
Polti - VisitMalta;BUTTIGIEG A.;2;BUTTIGIEG Aidan;
Polti - VisitMalta;CRESCIOLI L.;2;CRESCIOLI Ludovico;
Polti - VisitMalta;DE CASSAN D.;2;DE CASSAN Davide;
Polti - VisitMalta;GARCIA P.;2;GARCÍA PIERNA Raúl;
Polti - VisitMalta;GOMEZ G.;2;GÓMEZ Germán Darío;
Polti - VisitMalta;LONARDI G.;2;LONARDI Giovanni;
Polti - VisitMalta;MAESTRI M.;2;MAESTRI Mirco;
Polti - VisitMalta;MARTIN A.;2;TJØTTA Martin;
Polti - VisitMalta;MUNOZ F.;2;MUÑOZ Francisco;
Polti - VisitMalta;PENALVER M.;2;PEÑALVER Manuel;
Polti - VisitMalta;PIETROBON A.;2;PIETROBON Andrea;
Polti - VisitMalta;PIGANZOLI D.;2;PIGANZOLI Davide;
Polti - VisitMalta;RACCAGNI G.;2;RACCAGNI Gabriele;
Polti - VisitMalta;SERRANO J.;2;SERRANO Gonzalo;
Polti - VisitMalta;SEVILLA D.;2;SEVILLA Diego Pablo;
Polti - VisitMalta;TERCERO F.;2;TERCERO Fernando;
Polti - VisitMalta;TONELLI A.;2;TONELLI Alessandro;
Polti - VisitMalta;ZOCCARATO S.;2;ZOCCARATO Samuele;
Q36.5;PIDCOCK T.;8;PIDCOCK Thomas;
Q36.5;MOSCHETTI M.;4;MOSCHETTI Matteo;
Q36.5;NIZZOLO G.;4;NIZZOLO Giacomo;
Q36.5;BAX S.;3;BAX Sjoerd;
Q36.5;BRAMBILLA G.;3;BRAMBILLA Gianluca;
Q36.5;CHRISTEN F.;3;CHRISTEN Fabio;
Q36.5;FRISON F.;3;FRISON Frederik;
Q36.5;LIEPINS E.;3;PARET-PEINTRE Aurélien;
Q36.5;MALECKI K.;3;MAŁECKI Kamil;
Q36.5;STEIMLE J.;3;STEIMLE Jannik;
Q36.5;TOWNSEND R.;3;TOWNSEND Rory;
Q36.5;VADER M.;3;VADER Milan;
Q36.5;AZPARREN E.;2;AZPARREN Xabier Mikel;
Q36.5;AZPARREN X.;2;AZPARREN Xabier Mikel;
Q36.5;BADILATTI M.;2;BADILATTI Matteo;
Q36.5;CALZONI W.;2;CALZONI Walter;
Q36.5;CAMPRUBI M.;2;CAMPRUBÍ Marcel;
Q36.5;DE LA CRUZ D.;2;DE LA CRUZ David;
Q36.5;DONOVAN M.;2;DONOVAN Mark;
Q36.5;GONZALEZ D.;2;GONZÁLEZ Abner;
Q36.5;HOWSON D.;2;HOWSON Damien;
Q36.5;PARISINI N.;2;PARISINI Nicolò;
Q36.5;PIDCOCK J.;2;PIDCOCK Thomas;
Q36.5;VANHOUCKE H.;2;VANHOUCKE Harm;
Q36.5;ZUKOWSKY N.;2;ZUKOWSKY Nickolas;
Red Bull - Bora - Hansgrohe;VAN GILS M.;8;VAN GILS Maxim;
Red Bull - Bora - Hansgrohe;LAZKANO O.;6;LAZKANO Oier;
Red Bull - Bora - Hansgrohe;ROGLIC P.;6;ROGLIČ Primož;
Red Bull - Bora - Hansgrohe;HINDLEY J.;5;HINDLEY Jai;
Red Bull - Bora - Hansgrohe;MARTINEZ D.;5;MARTINEZ Lenny;
Red Bull - Bora - Hansgrohe;MEEUS J.;5;MEEUS Jordi;
Red Bull - Bora - Hansgrohe;PITHIE L.;5;PITHIE Laurence;
Red Bull - Bora - Hansgrohe;TRATNIK J.;5;TRATNIK Jan;
Red Bull - Bora - Hansgrohe;VLASOV A.;5;VLASOV Aleksandr;
Red Bull - Bora - Hansgrohe;WELSFORD S.;5;WELSFORD Sam;
Red Bull - Bora - Hansgrohe;ADRIA R.;4;GODON Dorian;
Red Bull - Bora - Hansgrohe;LIPOWITZ F.;4;LIPOWITZ Florian;
Red Bull - Bora - Hansgrohe;VAN POPPEL D.;4;VAN POPPEL Danny;
Red Bull - Bora - Hansgrohe;DENZ N.;3;DENZ Nico;
Red Bull - Bora - Hansgrohe;FISHER-BLACK F.;3;FISHER-BLACK Finn;
Red Bull - Bora - Hansgrohe;KOCH J.;3;KOCH Jonas;
Red Bull - Bora - Hansgrohe;SOBRERO M.;3;SOBRERO Matteo;
Red Bull - Bora - Hansgrohe;VAN DIJKE M.;3;VAN DIJKE Tim;
Red Bull - Bora - Hansgrohe;VAN DIJKE T.;3;VAN DIJKE Tim;
Red Bull - Bora - Hansgrohe;ALEOTTI G.;2;ALEOTTI Giovanni;
Red Bull - Bora - Hansgrohe;HAJEK A.;2;HAJEK Alexander;
Red Bull - Bora - Hansgrohe;HERZOG E.;2;HERZOG Emil;
Red Bull - Bora - Hansgrohe;MACIEJUK F.;2;MACIEJUK Filip;
Red Bull - Bora - Hansgrohe;MOSCON G.;2;MOSCON Gianni;
Red Bull - Bora - Hansgrohe;MULLEN R.;2;MULLEN Ryan;
Red Bull - Bora - Hansgrohe;PALZER A.;2;PALZER Anton;
Red Bull - Bora - Hansgrohe;PELLIZZARI G.;2;PELLIZZARI Giulio;
Red Bull - Bora - Hansgrohe;WANDAHL F.;2;WANDAHL Frederik;
Red Bull - Bora - Hansgrohe;ZWIEHOFF B.;2;ZWIEHOFF Ben;
Solution Tech - Vini Fantini;ARASHIRO Y.;2;ARASHIRO Yukiya;
Solution Tech - Vini Fantini;BALDACCINI D.;2;BALDACCINI Davide;
Solution Tech - Vini Fantini;BALMER A.;2;BALMER Alexandre;
Solution Tech - Vini Fantini;CONTI V.;2;CONTI Valerio;
Solution Tech - Vini Fantini;DURIC D.;2;BEULLENS Cedric;
Solution Tech - Vini Fantini;FORTIN F.;2;FORTIN Filippo;
Solution Tech - Vini Fantini;GONZALEZ R.;2;GONZÁLEZ Abner;
Solution Tech - Vini Fantini;IACCHI A.;2;IACCHI Alessandro;
Solution Tech - Vini Fantini;MEO F.;2;ROMEO Iván;
Solution Tech - Vini Fantini;NENCINI T.;2;NENCINI Tommaso;
Solution Tech - Vini Fantini;PIRAS A.;2;PIRAS Andrea;
Solution Tech - Vini Fantini;QUARTUCCI L.;2;QUARTUCCI Lorenzo;
Solution Tech - Vini Fantini;RAJOVIC D.;2;RAJOVIĆ Dušan;
Solution Tech - Vini Fantini;ROLANDO J.;2;ROLANDO Joann;
Solution Tech - Vini Fantini;SAMUDIO C.;2;SAMUDIO Carlos;
Solution Tech - Vini Fantini;SBARAGLI K.;2;SBARAGLI Kristian;
Solution Tech - Vini Fantini;STEWART M.;2;STEWART Jake;
Solution Tech - Vini Fantini;TISSIERES A.;2;TISSIÈRES Arnaud;
Solution Tech - Vini Fantini;TSARENKO K.;2;TSARENKO Kyrylo;
Solution Tech - Vini Fantini;VERRANDO L.;2;VERRANDO Luca;
Solution Tech - Vini Fantini;VIVIANI A.;2;VIVIANI Attilio;
Soudal - Quick Step;EVENEPOEL R.;10;EVENEPOEL Remco;
Soudal - Quick Step;MERLIER T.;8;MERLIER Tim;
Soudal - Quick Step;MAGNIER P.;5;MAGNIER Paul;
Soudal - Quick Step;VANSEVENANT M.;5;VANSEVENANT Mauri;
Soudal - Quick Step;LAMPAERT Y.;4;LAMPAERT Yves;
Soudal - Quick Step;LAMPERTI L.;4;LAMPERTI Luke;
Soudal - Quick Step;LANDA M.;4;LANDA Mikel;
Soudal - Quick Step;SCHACHMANN M.;4;SCHACHMANN Maximilian;
Soudal - Quick Step;VAN GESTEL D.;4;VAN GESTEL Dries;
Soudal - Quick Step;VAN WILDER I.;4;VAN WILDER Ilan;
Soudal - Quick Step;CATTANEO M.;3;CATTANEO Mattia;
Soudal - Quick Step;EENKHOORN P.;3;EENKHOORN Pascal;
Soudal - Quick Step;HAYTER E.;3;HAYTER Ethan;
Soudal - Quick Step;LECERF J.;3;LECERF Junior;
Soudal - Quick Step;PARET-PEINTRE V.;3;PARET-PEINTRE Aurélien;
Soudal - Quick Step;PEDERSEN C.;3;PEDERSEN Rasmus Søjberg;
Soudal - Quick Step;VAN LERBERGHE B.;3;VAN LERBERGHE Bert;
Soudal - Quick Step;VANGHELUWE W.;3;VANGHELUWE Warre;
Soudal - Quick Step;BASTIAENS A.;2;BASTIAENS Ayco;
Soudal - Quick Step;CERNY J.;2;VAN HEMELEN Vincent;
Soudal - Quick Step;GAROFOLI G.;2;GAROFOLI Gianmarco;
Soudal - Quick Step;GELDERS G.;2;GELDERS Gil;
Soudal - Quick Step;HUBY A.;2;HUBY Antoine;
Soudal - Quick Step;KNOX J.;2;KNOX James;
Soudal - Quick Step;RACCAGNI NOVIERO A.;2;RACCAGNI NOVIERO Andrea;
Soudal - Quick Step;REINDERINK P.;2;REINDERINK Pepijn;
Soudal - Quick Step;SERRY P.;2;SERRY Pieter;
Soudal - Quick Step;SVRCEK M.;2;SVRČEK Martin;
Soudal - Quick Step;VERVAEKE L.;2;VERVAEKE Louis;
Soudal - Quick Step;WARLOP J.;2;WARLOP Jordi;
Tarteletto - Isorex;DUPONT T.;3;DUPONT Timothy;
Tarteletto - Isorex;BAUWENS S.;2;BAUWENS Siebe;
Tarteletto - Isorex;BLOUWE L.;2;BLOUWE Louis;
Tarteletto - Isorex;CLAEYS R.;2;CLAEYS Robbe;
Tarteletto - Isorex;DE KEYSER E.;2;DE KEYSER Ewout;
Tarteletto - Isorex;DECOTTIGNIES J.;2;DECOTTIGNIES Jordy;
Tarteletto - Isorex;GODART B.;2;GODART Bo;
Tarteletto - Isorex;GOEMAN J.;2;GOEMAN Jonas;
Tarteletto - Isorex;MARCHAND G.;2;MARCHAND Gianni;
Tarteletto - Isorex;MUSEEUW S.;2;MUSEEUW Stefano;
Tarteletto - Isorex;RIGOLE B.;2;RIGOLE Brian;
Tarteletto - Isorex;SANTY A.;2;SANTY Arne;
Tarteletto - Isorex;STEVENS D.;2;STEVENS Daan;
Tarteletto - Isorex;TEUGELS L.;2;TEUGELS Lennert;
Tarteletto - Isorex;VANDENBULCKE A.;2;VANDENBULCKE Alex;
Tarteletto - Isorex;VERWILT M.;2;VERWILT Mauro;
TotalEnergies;JEANNIERE E.;4;JEANNIÈRE Emilien;
TotalEnergies;TESSON J.;4;TESSON Jason;
TotalEnergies;TURGIS A.;4;TURGIS Anthony;
TotalEnergies;CRAS S.;3;CRAS Steff;
TotalEnergies;GACHIGNARD T.;3;GACHIGNARD Thomas;
TotalEnergies;SOUPE G.;3;SOUPE Geoffrey;
TotalEnergies;BONIFACE L.;2;BONIFACE Lucas;
TotalEnergies;BONNET T.;2;BONNET Thomas;
TotalEnergies;BOULAHOITE R.;2;BOULAHOITE Rayan;
TotalEnergies;BRUNEL A.;2;BRUNEL Alexys;
TotalEnergies;BURGAUDEAU M.;2;BURGAUDEAU Mathieu;
TotalEnergies;DAUPHIN F.;2;DAUPHIN Florian;
TotalEnergies;DELBOVE J.;2;DELBOVE Joris;
TotalEnergies;DELETTRE A.;2;DELETTRE Alexandre;
TotalEnergies;DOUBEY F.;2;DOUBEY Fabien;
TotalEnergies;DUJARDIN S.;2;DUJARDIN Sandy;
TotalEnergies;GRELLIER F.;2;GRELLIER Fabien;
TotalEnergies;JEGAT J.;2;JEGAT Jordan;
TotalEnergies;JOUSSEAUME A.;2;JOUSSEAUME Alan;
TotalEnergies;LATOUR P.;2;LATOUR Pierre;
TotalEnergies;LEROUX S.;2;LEROUX Samuel;
TotalEnergies;MANZIN L.;2;MANZIN Lorrenzo;
TotalEnergies;MARCEROU N.;2;MARCEROU Nicola;
TotalEnergies;RETAILLEAU V.;2;RETAILLEAU Valentin;
TotalEnergies;VADIC B.;2;VADIC Baptiste;
TotalEnergies;VERCHER M.;2;VERCHER Mattéo;
Tudor;HIRSCHI M.;7;HIRSCHI Marc;
Tudor;ALAPHILIPPE J.;6;ALAPHILIPPE Julian;
Tudor;DAINESE A.;5;DAINESE Alberto;
Tudor;DE KLEIJN A.;5;DE KLEIJN Arvid;
Tudor;TRENTIN M.;5;TRENTIN Matteo;
Tudor;BRENNER M.;3;BRENNER Marco;
Tudor;HALLER M.;3;HALLER Marco;
Tudor;MAYRHOFER M.;3;MAYRHOFER Marius;
Tudor;STORER M.;3;STORER Michael;
Tudor;ZIJLAARD M.;3;ZIJLAARD Maikel;
Tudor;ERIKSSON J.;2;ERIKSSON Lucas;
Tudor;ERIKSSON L.;2;ERIKSSON Lucas;
Tudor;FROIDEVAUX R.;2;FROIDEVAUX Robin;
Tudor;HEMING M.;2;HEMING Miká;
Tudor;KELEMEN P.;2;KELEMEN Petr;
Tudor;KLUCKERS A.;2;KLUCKERS Arthur;
Tudor;KOLZE CHANGIZI S.;2;KOLZE CHANGIZI Sebastian;
Tudor;KRIEGER A.;2;KRIEGER Alexander;
Tudor;LIENHARD F.;2;LIENHARD Fabian;
Tudor;MIKUTIS A.;2;MIKUTIS Aivaras;
Tudor;PLUIMERS R.;2;PLUIMERS Rick;
Tudor;RONDEL M.;2;RONDEL Mathys;
Tudor;STORK F.;2;STORK Florian;
Tudor;SUTER J.;2;SUTER Joel;
Tudor;THALMANN R.;2;THALMANN Roland;
Tudor;VOISARD Y.;2;VOISARD Yannis;
Tudor;WARBASSE L.;2;WARBASSE Larry;
Tudor;WEISS F.;2;WEISS Fabian;
Tudor;WILKSCH H.;2;WILKSCH Hannes;
Tudor;WIRTGEN L.;2;WIRTGEN Luc;
UAE;POGACAR T.;13;POGAČAR Tadej;
UAE;POLITT N.;7;POLITT Nils;
UAE;WELLENS T.;7;WELLENS Tim;
UAE;NARVAEZ J.;6;NARVÁEZ Jhonatan;
UAE;ALMEIDA J.;5;ALMEIDA João;
UAE;AYUSO J.;5;AYUSO Juan;
UAE;CHRISTEN J.;5;CHRISTEN Fabio;
UAE;DEL TORO I.;5;DEL TORO Isaac;
UAE;MORGADO A.;5;MORGADO António;
UAE;YATES A.;5;YATES Adam;
UAE;BJERG M.;4;BJERG Mikkel;
UAE;MCNULTY B.;4;MCNULTY Brandon;
UAE;MOLANO J.;4;MOLANO Juan Sebastián;
UAE;SIVAKOV P.;4;SIVAKOV Pavel;
UAE;SOLER M.;4;SOLER Marc;
UAE;VERMEERSCH F.;4;VERMEERSCH Gianni;
UAE;VINE J.;4;IRVINE Declan;
UAE;BARONCINI F.;3;BARONCINI Filippo;
UAE;COVI A.;3;COVI Alessandro;
UAE;Grossschartner;3;GROßSCHARTNER Felix;
UAE;HERREGODTS R.;3;HERREGODTS Rune;
UAE;MAJKA R.;3;MAJKA Rafał;
UAE;OLIVEIRA R.;3;OLIVEIRA Nelson;
UAE;TORRES P.;3;TORRES Albert;
UAE;ARRIETA I.;2;ARRIETA Igor;
UAE;JOHANSEN J.;2;JOHANSEN Julius;
UAE;LAENGEN V.;2;LAENGEN Vegard Stake;
UAE;NOVAK D.;2;NOVAK Domen;
UAE;OLIVEIRA I.;2;OLIVEIRA Nelson;
Unibet - Tietema Rockets;BOMBOI D.;3;BOMBOI Davide;
Unibet - Tietema Rockets;EIKING O.;3;EIKING Odd Christian;
Unibet - Tietema Rockets;JOHANNINK J.;3;JOHANNINK Jelle;
Unibet - Tietema Rockets;BLOEM J.;2;BLOEM Joren;
Unibet - Tietema Rockets;BUDDING M.;2;BUDDING Martijn;
Unibet - Tietema Rockets;CARBONI G.;2;CARBONI Giovanni;
Unibet - Tietema Rockets;CHRISTOPHERSEN C.;2;CHRISTOPHERSEN Cedrik Bakke;
Unibet - Tietema Rockets;DE VRIES H.;2;DE VRIES Hartthijs;
Unibet - Tietema Rockets;GELEIJN O.;2;GELEIJN Owen;
Unibet - Tietema Rockets;HUENS A.;2;HUENS Axel;
Unibet - Tietema Rockets;HUYET B.;2;HUYET Baptiste;
Unibet - Tietema Rockets;INKELAAR K.;2;INKELAAR Kevin;
Unibet - Tietema Rockets;KOPECKY T.;2;KOPECKÝ Matyáš;
Unibet - Tietema Rockets;KUBIS L.;2;MIKUTIS Aivaras;
Unibet - Tietema Rockets;KYFFIN Z.;2;KYFFIN Zeb;
Unibet - Tietema Rockets;LOOCKX L.;2;LOOCKX Lander;
Unibet - Tietema Rockets;MAIRE A.;2;MAIRE Adrien;
Unibet - Tietema Rockets;MERIS S.;2;MERIS Sergio;
Unibet - Tietema Rockets;MOURIS W.;2;MOURIS Wessel;
Unibet - Tietema Rockets;NIELSEN S.;2;NIELSEN Sebastian;
Unibet - Tietema Rockets;PAIGE C.;2;PAIGE Charles;
Unibet - Tietema Rockets;STOCKMAN A.;2;STOCKMAN Abram;
Unibet - Tietema Rockets;STOKBRO A.;2;STOKBRO Andreas;
Unibet - Tietema Rockets;TOUPALIK A.;2;ŤOUPALÍK Adam;
Unibet - Tietema Rockets;VERSCHUREN K.;2;VERSCHUREN Killian;
Uno-X Mobility;KRISTOFF A.;5;KRISTOFF Alexander;
Uno-X Mobility;ABRAHAMSEN J.;4;ABRAHAMSEN Jonas;
Uno-X Mobility;CORT M.;4;GARCÍA CORTINA Iván;
Uno-X Mobility;JOHANNESSEN T.;4;JOHANNESSEN Tobias Halland;
Uno-X Mobility;KRON A.;4;KRON Andreas;
Uno-X Mobility;TILLER R.;4;TILLER Rasmus;
Uno-X Mobility;WAERENSKJOLD S.;4;WÆRENSKJOLD Søren;
Uno-X Mobility;BLIKRA E.;3;BLIKRA Erlend;
Uno-X Mobility;FREDHEIM S.;3;FREDHEIM Stian;
Uno-X Mobility;HOELGAARD M.;3;HOELGAARD Markus;
Uno-X Mobility;LEKNESSUND A.;3;LEKNESSUND Andreas;
Uno-X Mobility;BEVORT C.;2;BÉVORT Carl-Frederik;
Uno-X Mobility;BLUME LEVY W.;2;BLUME LEVY William;
Uno-X Mobility;DALBY S.;2;DALBY Simon;
Uno-X Mobility;DVERSNES F.;2;DVERSNES Fredrik;
Uno-X Mobility;HOLTER A.;2;HOLTER Ådne;
Uno-X Mobility;HVIDEBERG J.;2;HVIDEBERG Jonas Iversby;
Uno-X Mobility;JANSEN A.;2;JANSEN Amund Grøndahl;
Uno-X Mobility;JOHANNESSEN A.;2;JOHANNESSEN Tobias Halland;
Uno-X Mobility;KULSET J.;2;KULSET Johannes;
Uno-X Mobility;KULSET M.;2;KULSET Johannes;
Uno-X Mobility;LOLAND S.;2;O'BRIEN Kelland;
Uno-X Mobility;PEDERSEN H.;2;PEDERSEN Rasmus Søjberg;
Uno-X Mobility;RESELL E.;2;RESELL Erik Nordsæter;
Uno-X Mobility;SKAARSETH A.;2;SKAARSETH Anders;
Uno-X Mobility;URIANSTAD BUGGE M.;2;URIANSTAD BUGGE Martin;
Uno-X Mobility;WALLIN R.;2;WALLIN Rasmus Bøgh;
VF Group - Bardiani CSF - Faizanè;FIORELLI F.;3;FIORELLI Filippo;
VF Group - Bardiani CSF - Faizanè;BIAGINI F.;2;BIAGINI Federico;
VF Group - Bardiani CSF - Faizanè;CETTOLIN F.;2;CETTOLIN Filippo;
VF Group - Bardiani CSF - Faizanè;COLNAGHI L.;2;COLNAGHI Luca;
VF Group - Bardiani CSF - Faizanè;CONFORTI L.;2;CONFORTI Lorenzo;
VF Group - Bardiani CSF - Faizanè;COVILI L.;2;COVILI Luca;
VF Group - Bardiani CSF - Faizanè;CRUZ E.;2;DE LA CRUZ David;
VF Group - Bardiani CSF - Faizanè;FERRARO S.;2;FERRARO Santiago;
VF Group - Bardiani CSF - Faizanè;HERRENO M.;2;HERREGODTS Rune;
VF Group - Bardiani CSF - Faizanè;MAGLI F.;2;MAGLI Filippo;
VF Group - Bardiani CSF - Faizanè;MARCELLUSI M.;2;MARCELLUSI Martin;
VF Group - Bardiani CSF - Faizanè;MARTINELLI A.;2;MARTINELLI Alessio;
VF Group - Bardiani CSF - Faizanè;MONTAGNER A.;2;MONTAGNER Andrea;
VF Group - Bardiani CSF - Faizanè;PALETTI L.;2;PALETTI Luca;
VF Group - Bardiani CSF - Faizanè;PINARELLO A.;2;PINARELLO Alessandro;
VF Group - Bardiani CSF - Faizanè;PINAZZI M.;2;PINAZZI Mattia;
VF Group - Bardiani CSF - Faizanè;ROJAS V.;2;ROJAS Vicente;
VF Group - Bardiani CSF - Faizanè;SCALCO M.;2;SCALCO Matteo;
VF Group - Bardiani CSF - Faizanè;STENICO M.;2;STENICO Mattia;
VF Group - Bardiani CSF - Faizanè;TAROZZI M.;2;TAROZZI Manuele;
VF Group - Bardiani CSF - Faizanè;TOLIO A.;2;TOLIO Alex;
VF Group - Bardiani CSF - Faizanè;TURCONI F.;2;TURCONI Filippo;
VF Group - Bardiani CSF - Faizanè;ZANONCELLO E.;2;ZANONCELLO Enrico;
Visma - Lease a Bike;VAN AERT W.;11;VAN AERT Wout;
Visma - Lease a Bike;JORGENSON M.;8;JORGENSON Matteo;
Visma - Lease a Bike;BENOOT T.;7;BENOOT Tiesj;
Visma - Lease a Bike;KOOIJ O.;7;KOOIJ Olav;
Visma - Lease a Bike;LAPORTE C.;7;LAPORTE Christophe;
Visma - Lease a Bike;VINGEGAARD J.;6;VINGEGAARD Jonas;
Visma - Lease a Bike;KUSS S.;5;KUSS Sepp;
Visma - Lease a Bike;VAN BAARLE D.;5;VAN BAARLE Dylan;
Visma - Lease a Bike;YATES S.;5;YATES Adam;
Visma - Lease a Bike;CAMPENAERTS V.;4;CAMPENAERTS Victor;
Visma - Lease a Bike;KELDERMAN W.;4;KELDERMAN Wilco;
Visma - Lease a Bike;MCLAY D.;4;MCLAY Daniel;
Visma - Lease a Bike;TULETT B.;4;TULETT Ben;
Visma - Lease a Bike;UIJTDEBROEKS C.;4;UIJTDEBROEKS Cian;
Visma - Lease a Bike;VALTER A.;4;VALTER Attila;
Visma - Lease a Bike;ZINGLE A.;4;ZINGLE Axel;
Visma - Lease a Bike;AFFINI E.;3;AFFINI Edoardo;
Visma - Lease a Bike;BEHRENS N.;3;BEHRENS Niklas;
Visma - Lease a Bike;BRENNAN M.;3;BRENNAN Matthew;
Visma - Lease a Bike;HAGENES P.;3;HAGENES Per Strand;
Visma - Lease a Bike;KRUIJSWIJK S.;3;KRUIJSWIJK Steven;
Visma - Lease a Bike;LEMMEN B.;3;LEMMEN Bart;
Visma - Lease a Bike;NORDHAGEN J.;3;NORDHAGEN Jørgen;
Visma - Lease a Bike;VAN DER SANDE T.;3;VAN DER SANDE Tosh;
Visma - Lease a Bike;VERMOTE J.;3;VERMOTE Julien;
Visma - Lease a Bike;GLOAG T.;2;GLOAG Thomas;
Visma - Lease a Bike;GRAAT T.;2;GRAAT Tijmen;
Visma - Lease a Bike;HUISING M.;2;HUISING Menno;
Visma - Lease a Bike;VAN BELLE L.;2;VAN BELLE Loe;
Wagner - Bazin;BARBIER P.;3;BARBIER Pierre;
Wagner - Bazin;REYNDERS J.;3;REYNDERS Jens;
Wagner - Bazin;VLIEGEN L.;3;VLIEGEN Loïc;
Wagner - Bazin;WEEMAES S.;3;WEEMAES Sasha;
Wagner - Bazin;BAGUELIN J.;2;BAGUELIN Jocelyn;
Wagner - Bazin;BEZZA Q.;2;BEZZA Quentin;
Wagner - Bazin;DE MEESTER L.;2;DE MEESTER Luca;
Wagner - Bazin;DE TIER F.;2;DE TIER Floris;
Wagner - Bazin;DESAL C.;2;DESAL Ceriel;
Wagner - Bazin;LAMBRECHT M.;2;LAMBRECHT Michiel;
Wagner - Bazin;MATTHYS L.;2;MATTHYS Louka;
Wagner - Bazin;MEENS J.;2;MEENS Johan;
Wagner - Bazin;PAPON V.;2;PAPON Victor;
Wagner - Bazin;PERSICO D.;2;PERSICO Davide;
Wagner - Bazin;PORTSMOUTH T.;2;PORTSMOUTH Tom;
Wagner - Bazin;RENARD-HAQUIN H.;2;RENARD-HAQUIN Henri-François;
Wagner - Bazin;TIZZA M.;2;TIZZA Marco;
Wagner - Bazin;VAN HAUTEGEM L.;2;VAN HAUTEGEM Leander;
Wagner - Bazin;VAN PETEGEM A.;2;VAN PETEGEM Axandre;
Wagner - Bazin;VAN ROOY K.;2;VAN ROOY Kenneth;
Wagner - Bazin;VERMOOTE J.;2;VERMOOTE Jelle;
Wagner - Bazin;VILLA G.;2;SEVILLA Diego Pablo;
XDS - Astana;BETTIOL A.;5;BETTIOL Alberto;
XDS - Astana;BALLERINI D.;4;BALLERINI Davide;
XDS - Astana;BOL C.;4;BOL Cees;
XDS - Astana;HIGUITA S.;4;HIGUITA Sergio;
XDS - Astana;KANTER M.;4;KANTER Max;
XDS - Astana;TEUNISSEN M.;4;TEUNISSEN Mike;
XDS - Astana;ULISSI D.;4;ULISSI Diego;
XDS - Astana;CHAMPOUSSIN C.;3;CHAMPOUSSIN Clément;
XDS - Astana;FEDOROV Y.;3;FEDOROV Yevgeniy;
XDS - Astana;GATE A.;3;GATE Aaron;
XDS - Astana;MALUCELLI M.;3;MALUCELLI Matteo;
XDS - Astana;MASNADA F.;3;MASNADA Fausto;
XDS - Astana;POELS W.;3;POELS Wout;
XDS - Astana;SCARONI C.;3;SCARONI Christian;
XDS - Astana;SCHELLING I.;3;SCHELLING Ide;
XDS - Astana;TEJADA H.;3;TEJADA Harold;
XDS - Astana;VELASCO S.;3;VELASCO Simone;
XDS - Astana;CHARMIG A.;2;CHARMIG Anthon;
XDS - Astana;CONCI N.;2;CONCI Nicola;
XDS - Astana;FORTUNATO L.;2;FORTUNATO Lorenzo;
XDS - Astana;GAZZOLI M.;2;GAZZOLI Michele;
XDS - Astana;KAJAMINI F.;2;KAJAMINI Florian Samuel;
XDS - Astana;KUZMIN A.;2;KUZMIN Anton;
XDS - Astana;LOPEZ H.;2;LÓPEZ Joseba;
XDS - Astana;MULUBRHAN H.;2;MULUBRHAN Henok;
XDS - Astana;ROMELE A.;2;ROMELE Alessandro;
XDS - Astana;SU H.;2;EPIS Giosuè;
XDS - Astana;TONEATTI D.;2;TONEATTI Davide;
XDS - Astana;VAN BEKKUM D.;2;VAN BEKKUM Darren;
XDS - Astana;VINOKUROV N.;2;VINOKUROV Nicolas;